<?xml version="1.0"?>
<doc>
    <assembly>
        <name>TaxiAppsWebAPICore</name>
    </assembly>
    <members>
        <member name="M:TaxiAppsWebAPICore.Controllers.LoginController.Login(TaxiAppsWebAPICore.Models.LoginRequest)">
            <summary>
            Use to Generate Fresh JWT Access Token
            </summary>
            <returns></returns>
        </member>
        <member name="M:TaxiAppsWebAPICore.Controllers.LoginController.RegenerateToken(System.String,System.String)">
            <summary>
            Use to Re-Generate JWT Token once expried current expired time is 5 mins
            </summary>
            <returns></returns>
        </member>
        <member name="M:TaxiAppsWebAPICore.Controllers.RoleController.RoleList">
            <summary>
            Use to List Roles
            </summary>
            <returns></returns>
        </member>
        <member name="M:TaxiAppsWebAPICore.Controllers.RoleController.RoleDetails(System.Int64)">
            <summary>
            Use to Get Role Details based on ID
            </summary>
            <returns></returns>
        </member>
        <member name="M:TaxiAppsWebAPICore.Controllers.RoleController.AddRole(TaxiAppsWebAPICore.Roles)">
            <summary>
            Use to Add Roles
            //TODO:: check parent record is deleted
            </summary>
            <returns></returns>
        </member>
        <member name="M:TaxiAppsWebAPICore.Controllers.RoleController.EditRole(System.Int64,TaxiAppsWebAPICore.Roles)">
            <summary>
            Use to Edit Role
            //TODO:: check parent record is deleted
            </summary>
            <returns></returns>
        </member>
        <member name="M:TaxiAppsWebAPICore.Controllers.UtilityController.GetCountry">
            <summary>
            Use to display List of Country
            </summary>
            <returns></returns>
        </member>
        <member name="M:TaxiAppsWebAPICore.Controllers.UtilityController.GetZoneAccess(System.Int64)">
            <summary>
            Use to Get Zone zone list by passing country id 
            </summary>
            <returns></returns>
        </member>
        <member name="M:TaxiAppsWebAPICore.Controllers.UtilityController.GetLanguageList">
            <summary>
            Use to Get list of languages
            </summary>
            <returns></returns>
        </member>
        <member name="P:TaxiAppsWebAPICore.Helper.FileSystemStorage.DataPath">
            <summary>
            Data base path
            </summary>
        </member>
        <member name="P:TaxiAppsWebAPICore.Helper.FileSystemStorage.TenantId">
            <summary>
            Tenant id
            </summary>
        </member>
        <member name="M:TaxiAppsWebAPICore.Helper.FileSystemStorage.#ctor(System.String,System.String)">
            <summary>
            Save file to disk 
            </summary>
            <param name="file"></param>
            <returns>MDF5 Hash</returns>
        </member>
        <member name="M:TaxiAppsWebAPICore.Helper.FileSystemStorage.GetBaseRelativeDir(System.String)">
            <summary>
            Get base data folder
            </summary>
            <returns></returns>
        </member>
        <member name="M:TaxiAppsWebAPICore.Helper.FileSystemStorage.GetBaseRelativeFile(System.String)">
            <summary>
            Get file relative to base
            </summary>
            <param name="relativePath"></param>
            <returns></returns>
        </member>
        <member name="M:TaxiAppsWebAPICore.Helper.FileSystemStorage.Save(TaxiAppsWebAPICore.Models.StorageFileInfo)">
            <summary>
            Save the file to locations
            </summary>
            <param name="file"></param>
            <returns></returns>
        </member>
        <member name="M:TaxiAppsWebAPICore.Helper.FileSystemStorage.GetMD5HashFromFile(System.String)">
            <summary>
            Compute md5 hash
            </summary>
            <param name="fileName"></param>
            <returns></returns>
        </member>
        <member name="M:TaxiAppsWebAPICore.Helper.FileSystemStorage.MoveToPersistant(System.String,System.String)">
            <summary>
            move file from temporary location to final location
            </summary>
            <param name="fileName"></param>
            <param name="uniqueId"></param>
            <returns></returns>
        </member>
        <member name="M:TaxiAppsWebAPICore.Helper.FileSystemStorage.MoveToPersistantConfiguration(System.IO.FileInfo,System.String,System.String,System.String)">
            <summary>
            Convert the file to deployable zip and move
            </summary>
            <param name="fileName"></param>
            <param name="uniqueId"></param>
        </member>
        <member name="M:TaxiAppsWebAPICore.Helper.FileSystemStorage.RevertPeristantConfiguration(System.String,System.String,System.String)">
            <summary>
            Revert a configuration which was persisted
            </summary>
            <param name="path"></param>
            <param name="fileName"></param>
            <param name="uniqueId"></param>
        </member>
        <member name="M:TaxiAppsWebAPICore.Helper.FileSystemStorage.DeleteUpload(System.String)">
            <summary>
            Move file to deleted location
            </summary>
            <param name="uniqueId"></param>
            <returns></returns>
        </member>
        <member name="M:TaxiAppsWebAPICore.Helper.FileSystemStorage.UndoDeletion(System.String)">
            <summary>
            Restore the deleted artifact folder to uploads folder
            </summary>
            <param name="uniqueId"></param>
        </member>
        <member name="M:TaxiAppsWebAPICore.Helper.FileSystemStorage.MoveFolder(System.String,System.String)">
            <summary>
            Move directory between relative paths
            </summary>
            <param name="sourcePathRelative"></param>
            <param name="detinationPathRelative"></param>
        </member>
        <member name="M:TaxiAppsWebAPICore.Helper.FileSystemStorage.GetDownloadFile(System.String,System.String)">
            <summary>
            Read the file content
            </summary>
            <param name="fileName"></param>
            <param name="uniqueId"></param>
            <returns></returns>
        </member>
        <member name="M:TaxiAppsWebAPICore.Helper.FileSystemStorage.GetTempFile(System.String)">
            <summary>
            Get temp file
            </summary>
            <param name="metaData"></param>
            <returns></returns>
        </member>
        <member name="M:TaxiAppsWebAPICore.Helper.FileSystemStorage.MoveToTemp(System.String,System.String)">
            <summary>
            Move file from upload folder to temp folder
            </summary>
            <param name="fileName"></param>
        </member>
        <member name="M:TaxiAppsWebAPICore.Helper.FileSystemStorage.MoveRootRelative(System.String,System.String)">
            <summary>
            Move files from entry assembly relative folder
            </summary>
            <param name="relativeSourceFile"></param>
            <param name="relativeDestinationFile"></param>
        </member>
        <member name="M:TaxiAppsWebAPICore.Helper.FileSystemStorage.Move(System.IO.FileInfo,System.IO.FileInfo)">
            <summary>
            Move file to destination
            </summary>
            <param name="sourceFile"></param>
            <param name="destinationFile"></param>
        </member>
        <member name="M:TaxiAppsWebAPICore.Helper.InterFace.IFileStorage.Save(TaxiAppsWebAPICore.Models.StorageFileInfo)">
            <summary>
            Save form file to disk / blob etc
            </summary>
            <param name="file"></param>
        </member>
        <member name="M:TaxiAppsWebAPICore.Helper.InterFace.IFileStorage.GetDownloadFile(System.String,System.String)">
            <summary>
            Download file given location
            </summary>
            <param name="fileName"></param>
            <param name="uniqueId"></param>
        </member>
        <member name="M:TaxiAppsWebAPICore.Helper.InterFace.IFileStorage.MoveToPersistant(System.String,System.String)">
            <summary>
            Move File one  location to another location
            </summary>
            <param name="fileName"></param>
            <param name="uniqueId"></param>
        </member>
        <member name="M:TaxiAppsWebAPICore.Helper.InterFace.IFileStorage.DeleteUpload(System.String)">
            <summary>
            Move File from upload folder to delete folder
            </summary>
            <param name="fileName"></param>
        </member>
        <member name="M:TaxiAppsWebAPICore.Helper.InterFace.IFileStorage.UndoDeletion(System.String)">
            <summary>
            Revert an artifact deletion
            </summary>
            <param name="uniqueId"></param>
        </member>
        <member name="M:TaxiAppsWebAPICore.Helper.InterFace.IFileStorage.MoveToTemp(System.String,System.String)">
            <summary>
            Move file fro persistent to temp location
            </summary>
            <param name="uniqueId"></param>
            <param name="artifactId"></param>
        </member>
        <member name="M:TaxiAppsWebAPICore.Helper.InterFace.IFileStorage.MoveToPersistantConfiguration(System.IO.FileInfo,System.String,System.String,System.String)">
            <summary>
            Make necessary configuration zip and make persistent
            </summary>
            <param name="path"></param>
            <param name="fileName"></param>
            <param name="uniqueId"></param>
        </member>
        <member name="M:TaxiAppsWebAPICore.Helper.InterFace.IFileStorage.RevertPeristantConfiguration(System.String,System.String,System.String)">
            <summary>
            Revert persistent configuration to local
            </summary>
            <param name="path"></param>
            <param name="fileName"></param>
            <param name="uniqueId"></param>
        </member>
        <member name="M:TaxiAppsWebAPICore.Helper.InterFace.IFileStorage.GetTempFile(System.String)">
            <summary>
            Get the temporary file
            </summary>
            <param name="metaData"></param>
            <returns></returns>
        </member>
        <member name="T:TaxiAppsWebAPICore.Helper.InterFace.Reflections">
            <summary>
            Helper functions that make reflection handling easier
            </summary>
        </member>
        <member name="M:TaxiAppsWebAPICore.Helper.InterFace.Reflections.GetEntryAssemblyLocation">
            <summary>
            Get location of the entry assembly
            </summary>
            <returns></returns>
        </member>
        <member name="M:TaxiAppsWebAPICore.Helper.InterFace.Reflections.GetCurrentAssemblyLocation">
            <summary>
            Get location of the entry assembly
            </summary>
            <returns></returns>
        </member>
        <member name="M:TaxiAppsWebAPICore.Helper.InterFace.Reflections.GetApplicationCommentFile">
            <summary>
            Gets the entry assemblies comment xml file name
            </summary>
            <returns></returns>
        </member>
        <member name="M:TaxiAppsWebAPICore.Helper.InterFace.Reflections.GetAppVersion">
            <summary>
            Get application version string
            </summary>
            <returns></returns>
        </member>
        <member name="M:TaxiAppsWebAPICore.Helper.InterFace.Reflections.GetRootRelativeFile(System.String[])">
            <summary>
            Get the file info with root relative path arguments
            </summary>
            <param name="path"></param>
            <returns></returns>
        </member>
        <member name="M:TaxiAppsWebAPICore.Helper.InterFace.Reflections.GetFullPath(System.String[])">
            <summary>
            Get combined full path
            </summary>
            <param name="args"></param>
            <returns></returns>
        </member>
        <member name="M:TaxiAppsWebAPICore.Helper.InterFace.Reflections.GetAssemblyRelativeFile(System.String[])">
            <summary>
            Get the file info with root relative path arguments
            </summary>
            <param name="path"></param>
            <returns></returns>
        </member>
        <member name="M:TaxiAppsWebAPICore.Helper.InterFace.Reflections.GetRootRelativeDir(System.String[])">
            <summary>
            Get root relative dir
            </summary>
            <param name="path"></param>
            <returns></returns>
        </member>
        <member name="M:TaxiAppsWebAPICore.Helper.InterFace.Reflections.GetAssemblyRelativeDir(System.String[])">
            <summary>
            Get assembly relative directory
            </summary>
            <param name="path"></param>
            <returns></returns>
        </member>
        <member name="M:TaxiAppsWebAPICore.Helper.InterFace.Reflections.GetImplementation``1(System.Reflection.Assembly)">
            <summary>
            Get public concreate implementations of the specified type defined in the assembly
            </summary>
            <typeparam name="T"></typeparam>
            <param name="assembly"></param>
            <returns></returns>
        </member>
        <member name="M:TaxiAppsWebAPICore.Helper.InterFace.Reflections.LoadPhysicalFile(System.String)">
            <summary>
            Load assembly file from physical location
            </summary>
            <param name="path"></param>
            <returns></returns>
        </member>
        <member name="M:TaxiAppsWebAPICore.Helper.InterFace.Reflections.CreateInstance``1(System.Reflection.Assembly,System.String,System.Object[])">
            <summary>
            Create type from specified assembly
            </summary>
            <typeparam name="T"></typeparam>
            <param name="assembly"></param>
            <param name="typeName"></param>
            <returns></returns>
        </member>
        <member name="M:TaxiAppsWebAPICore.Helper.InterFace.Reflections.CreateInstanceFromFile``1(System.String,System.String)">
            <summary>
            Create type from assembly file
            </summary>
            <typeparam name="T"></typeparam>
            <param name="assemblyPath"></param>
            <param name="typeName"></param>
            <returns></returns>
        </member>
        <member name="M:TaxiAppsWebAPICore.Helper.StorageFactory.GetStorage">
            <summary>
            get storage 
            </summary>
            <returns></returns>
        </member>
        <member name="T:TaxiAppsWebAPICore.Helper.StorageFactory.StoragAppSettings">
            <summary>
            Storgae settings
            </summary>
        </member>
        <member name="P:TaxiAppsWebAPICore.Helper.StorageFactory.StoragAppSettings.DataPath">
            <summary>
            Path where data will be stored
            </summary>
        </member>
        <member name="M:TaxiAppsWebAPICore.Extention.GetStorageFile(Microsoft.AspNetCore.Http.IFormFile)">
            <summary>
            Get IFormFile object from StorageFileInfo object
            </summary>
            <param name="formFile"></param>
        </member>
        <member name="M:TaxiAppsWebAPICore.Extention.ToAppUser(System.Security.Claims.ClaimsPrincipal)">
            <summary>
            Claims principal
            </summary>
            <param name="claimsPrincipal"></param>
            <returns></returns>
        </member>
        <member name="M:TaxiAppsWebAPICore.Extention.KnowOperationError(Microsoft.AspNetCore.Mvc.ControllerBase,System.String)">
            <summary>
            Send an Not ok result
            </summary>
            <param name="controller"></param>
            <param name="message"></param>
            <returns></returns>
        </member>
        <member name="P:TaxiAppsWebAPICore.Models.StorageFileInfo.FormFile">
            <summary>
            Forom file 
            </summary>
        </member>
        <member name="P:TaxiAppsWebAPICore.Models.StorageFileInfo.UploadId">
            <summary>
            File upload id
            </summary>
        </member>
        <member name="P:TaxiAppsWebAPICore.Models.StorageFileInfo.Extension">
            <summary>
            File extension
            </summary>
        </member>
    </members>
</doc>
