
{
  "header": {
    "reportVersion": 1,
    "event": "Allocation failed - JavaScript heap out of memory",
    "trigger": "FatalError",
    "filename": "report.20200713.191943.3564.0.001.json",
    "dumpEventTime": "2020-07-13T19:19:43Z",
    "dumpEventTimeStamp": "1594648183515",
    "processId": 3564,
    "cwd": "D:\\Admin-panel-AG\\app",
    "commandLine": [
      "node",
      "C:\\Users\\PIRUTHVIKA\\AppData\\Roaming\\npm\\\\node_modules\\@angular\\cli\\bin\\ng",
      "serve",
      "--port",
      "4201"
    ],
    "nodejsVersion": "v12.16.1",
    "wordSize": 64,
    "arch": "x64",
    "platform": "win32",
    "componentVersions": {
      "node": "12.16.1",
      "v8": "7.8.279.23-node.31",
      "uv": "1.34.0",
      "zlib": "1.2.11",
      "brotli": "1.0.7",
      "ares": "1.15.0",
      "modules": "72",
      "nghttp2": "1.40.0",
      "napi": "5",
      "llhttp": "2.0.4",
      "http_parser": "2.9.3",
      "openssl": "1.1.1d",
      "cldr": "35.1",
      "icu": "64.2",
      "tz": "2019c",
      "unicode": "12.1"
    },
    "release": {
      "name": "node",
      "lts": "Erbium",
      "headersUrl": "https://nodejs.org/download/release/v12.16.1/node-v12.16.1-headers.tar.gz",
      "sourceUrl": "https://nodejs.org/download/release/v12.16.1/node-v12.16.1.tar.gz",
      "libUrl": "https://nodejs.org/download/release/v12.16.1/win-x64/node.lib"
    },
    "osName": "Windows_NT",
    "osRelease": "6.1.7601",
    "osVersion": "Windows 7 Ultimate Service Pack 1",
    "osMachine": "x86_64",
    "cpus": [
      {
        "model": "Intel(R) Core(TM) i3-3110M CPU @ 2.40GHz",
        "speed": 2394,
        "user": 1136436,
        "nice": 0,
        "sys": 230335,
        "idle": 5778760,
        "irq": 8970
      },
      {
        "model": "Intel(R) Core(TM) i3-3110M CPU @ 2.40GHz",
        "speed": 2394,
        "user": 885726,
        "nice": 0,
        "sys": 255061,
        "idle": 6004228,
        "irq": 82961
      },
      {
        "model": "Intel(R) Core(TM) i3-3110M CPU @ 2.40GHz",
        "speed": 2394,
        "user": 1267055,
        "nice": 0,
        "sys": 190446,
        "idle": 5687390,
        "irq": 2464
      },
      {
        "model": "Intel(R) Core(TM) i3-3110M CPU @ 2.40GHz",
        "speed": 2394,
        "user": 624877,
        "nice": 0,
        "sys": 123053,
        "idle": 6396836,
        "irq": 3432
      }
    ],
    "networkInterfaces": [
      {
        "name": "Wireless Network Connection",
        "internal": false,
        "mac": "40:f0:2f:67:e0:0a",
        "address": "2402:3a80:1604:1824:8c07:3c60:8a46:72c9",
        "netmask": "ffff:ffff:ffff:ffff::",
        "family": "IPv6",
        "scopeid": 0
      },
      {
        "name": "Wireless Network Connection",
        "internal": false,
        "mac": "40:f0:2f:67:e0:0a",
        "address": "2402:3a80:1604:1824:2923:67e6:aac8:10f7",
        "netmask": "ffff:ffff:ffff:ffff:ffff:ffff:ffff:ffff",
        "family": "IPv6",
        "scopeid": 0
      },
      {
        "name": "Wireless Network Connection",
        "internal": false,
        "mac": "40:f0:2f:67:e0:0a",
        "address": "fe80::8c07:3c60:8a46:72c9",
        "netmask": "ffff:ffff:ffff:ffff::",
        "family": "IPv6",
        "scopeid": 13
      },
      {
        "name": "Wireless Network Connection",
        "internal": false,
        "mac": "40:f0:2f:67:e0:0a",
        "address": "192.168.43.91",
        "netmask": "255.255.255.0",
        "family": "IPv4"
      },
      {
        "name": "Loopback Pseudo-Interface 1",
        "internal": true,
        "mac": "00:00:00:00:00:00",
        "address": "::1",
        "netmask": "ffff:ffff:ffff:ffff:ffff:ffff:ffff:ffff",
        "family": "IPv6",
        "scopeid": 0
      },
      {
        "name": "Loopback Pseudo-Interface 1",
        "internal": true,
        "mac": "00:00:00:00:00:00",
        "address": "127.0.0.1",
        "netmask": "255.0.0.0",
        "family": "IPv4"
      }
    ],
    "host": "PIRUTHVIKA-PC"
  },
  "javascriptStack": {
    "message": "No stack.",
    "stack": [
      "Unavailable."
    ]
  },
  "nativeStack": [
    {
      "pc": "0x000000013f4419f9",
      "symbol": "std::basic_ostream<char,std::char_traits<char> >::operator<<+10873"
    },
    {
      "pc": "0x000000013f445e1c",
      "symbol": "std::basic_ostream<char,std::char_traits<char> >::operator<<+28316"
    },
    {
      "pc": "0x000000013f444dd8",
      "symbol": "std::basic_ostream<char,std::char_traits<char> >::operator<<+24152"
    },
    {
      "pc": "0x000000013f5434cb",
      "symbol": "v8::base::CPU::has_sse+38363"
    },
    {
      "pc": "0x000000013fd59f4e",
      "symbol": "v8::Isolate::ReportExternalAllocationLimitReached+94"
    },
    {
      "pc": "0x000000013fd42021",
      "symbol": "v8::SharedArrayBuffer::Externalize+833"
    },
    {
      "pc": "0x000000013fc0e57c",
      "symbol": "v8::internal::Heap::EphemeronKeyWriteBarrierFromCode+1436"
    },
    {
      "pc": "0x000000013fc197d0",
      "symbol": "v8::internal::Heap::ProtectUnprotectedMemoryChunks+1312"
    },
    {
      "pc": "0x000000013fc162f4",
      "symbol": "v8::internal::Heap::PageFlagsAreConsistent+3204"
    },
    {
      "pc": "0x000000013fc0bb13",
      "symbol": "v8::internal::Heap::CollectGarbage+1283"
    },
    {
      "pc": "0x000000013fc0a184",
      "symbol": "v8::internal::Heap::AddRetainedMap+2452"
    },
    {
      "pc": "0x000000013fc2b36d",
      "symbol": "v8::internal::Factory::NewFillerObject+61"
    },
    {
      "pc": "0x000000013f990c51",
      "symbol": "v8::internal::interpreter::JumpTableTargetOffsets::iterator::operator=+1665"
    },
    {
      "pc": "0x00000001401a4ddd",
      "symbol": "v8::internal::SetupIsolateDelegate::SetupHeap+546637"
    },
    {
      "pc": "0x00000243341dd8f8",
      "symbol": ""
    }
  ],
  "javascriptHeap": {
    "totalMemory": 2102251520,
    "totalCommittedMemory": 2102251520,
    "usedMemory": 2070877760,
    "availableMemory": 54665568,
    "memoryLimit": 2144337920,
    "heapSpaces": {
      "read_only_space": {
        "memorySize": 262144,
        "committedMemory": 262144,
        "capacity": 32808,
        "used": 32808,
        "available": 0
      },
      "new_space": {
        "memorySize": 12582912,
        "committedMemory": 12582912,
        "capacity": 6284736,
        "used": 713056,
        "available": 5571680
      },
      "old_space": {
        "memorySize": 1790066688,
        "committedMemory": 1790066688,
        "capacity": 1780045648,
        "used": 1779322896,
        "available": 722752
      },
      "code_space": {
        "memorySize": 8556544,
        "committedMemory": 8556544,
        "capacity": 7166400,
        "used": 7166400,
        "available": 0
      },
      "map_space": {
        "memorySize": 9965568,
        "committedMemory": 9965568,
        "capacity": 3515040,
        "used": 3515040,
        "available": 0
      },
      "large_object_space": {
        "memorySize": 280195072,
        "committedMemory": 280195072,
        "capacity": 279583272,
        "used": 279583272,
        "available": 0
      },
      "code_large_object_space": {
        "memorySize": 622592,
        "committedMemory": 622592,
        "capacity": 544288,
        "used": 544288,
        "available": 0
      },
      "new_large_object_space": {
        "memorySize": 0,
        "committedMemory": 0,
        "capacity": 6284736,
        "used": 0,
        "available": 6284736
      }
    }
  },
  "resourceUsage": {
    "userCpuSeconds": 1053.4,
    "kernelCpuSeconds": 23.977,
    "cpuConsumptionPercent": 27.7031,
    "maxRss": 2196660224,
    "pageFaults": {
      "IORequired": 2122623,
      "IONotRequired": 0
    },
    "fsActivity": {
      "reads": 6316,
      "writes": 8
    }
  },
  "libuv": [
  ],
  "environmentVariables": {
    "=D:": "D:\\Admin-panel-AG\\app",
    "ALLUSERSPROFILE": "C:\\ProgramData",
    "APPDATA": "C:\\Users\\PIRUTHVIKA\\AppData\\Roaming",
    "BROWSERSLIST_IGNORE_OLD_DATA": "1",
    "CommonProgramFiles": "C:\\Program Files\\Common Files",
    "CommonProgramFiles(x86)": "C:\\Program Files (x86)\\Common Files",
    "CommonProgramW6432": "C:\\Program Files\\Common Files",
    "COMPUTERNAME": "PIRUTHVIKA-PC",
    "ComSpec": "C:\\Windows\\system32\\cmd.exe",
    "dp0": "C:\\Users\\PIRUTHVIKA\\AppData\\Roaming\\npm\\",
    "FP_NO_HOST_CHECK": "NO",
    "HOMEDRIVE": "C:",
    "HOMEPATH": "\\Users\\PIRUTHVIKA",
    "LOCALAPPDATA": "C:\\Users\\PIRUTHVIKA\\AppData\\Local",
    "LOGONSERVER": "\\\\PIRUTHVIKA-PC",
    "NUMBER_OF_PROCESSORS": "4",
    "ORIGINAL_XDG_CURRENT_DESKTOP": "undefined",
    "OS": "Windows_NT",
    "Path": "C:\\Program Files (x86)\\NVIDIA Corporation\\PhysX\\Common;C:\\Windows\\system32;C:\\Windows;C:\\Windows\\System32\\Wbem;C:\\Windows\\System32\\WindowsPowerShell\\v1.0\\;C:\\Program Files\\nodejs\\;C:\\composer;C:\\Users\\PIRUTHVIKA\\AppData\\Roaming\\npm;C:\\Program Files\\Git\\bin;C:\\xampp\\php;C:\\Users\\PIRUTHVIKA\\composer;C:\\Users\\PIRUTHVIKA\\AppData\\Roaming\\Composer\\vendor\\bin;C:\\Users\\PIRUTHVIK\\AppData\\Roaming\\Composer\\vendor\\bin;C:\\Users\\username\\AppData\\Roaming\\npm\\node_modules\\http-server;C:\\Users\\PIRUTHVIKA\\AppData\\Local\\Programs\\Microsoft VS Code\\bin;.;;.;;.;",
    "PATHEXT": ".COM;.EXE;.BAT;.CMD;.VBS;.VBE;.JSE;.WSF;.WSH;.MSC",
    "PROCESSOR_ARCHITECTURE": "AMD64",
    "PROCESSOR_IDENTIFIER": "Intel64 Family 6 Model 58 Stepping 9, GenuineIntel",
    "PROCESSOR_LEVEL": "6",
    "PROCESSOR_REVISION": "3a09",
    "ProgramData": "C:\\ProgramData",
    "ProgramFiles": "C:\\Program Files",
    "ProgramFiles(x86)": "C:\\Program Files (x86)",
    "ProgramW6432": "C:\\Program Files",
    "PROMPT": "$P$G",
    "PSModulePath": "C:\\Windows\\system32\\WindowsPowerShell\\v1.0\\Modules\\",
    "PUBLIC": "C:\\Users\\Public",
    "SESSIONNAME": "Console",
    "SystemDrive": "C:",
    "SystemRoot": "C:\\Windows",
    "TEMP": "C:\\Users\\PIRUTH~1\\AppData\\Local\\Temp",
    "TMP": "C:\\Users\\PIRUTH~1\\AppData\\Local\\Temp",
    "USERDOMAIN": "PIRUTHVIKA-PC",
    "USERNAME": "PIRUTHVIKA",
    "USERPROFILE": "C:\\Users\\PIRUTHVIKA",
    "WEBPACK_DEV_SERVER": "true",
    "windir": "C:\\Windows",
    "TERM_PROGRAM": "vscode",
    "TERM_PROGRAM_VERSION": "1.47.0",
    "LANG": "en_US.UTF-8",
    "COLORTERM": "truecolor",
    "VSCODE_GIT_IPC_HANDLE": "\\\\.\\pipe\\vscode-git-b79e33726b-sock",
    "GIT_ASKPASS": "c:\\Users\\PIRUTHVIKA\\AppData\\Local\\Programs\\Microsoft VS Code\\resources\\app\\extensions\\git\\dist\\askpass.sh",
    "VSCODE_GIT_ASKPASS_NODE": "C:\\Users\\PIRUTHVIKA\\AppData\\Local\\Programs\\Microsoft VS Code\\Code.exe",
    "VSCODE_GIT_ASKPASS_MAIN": "c:\\Users\\PIRUTHVIKA\\AppData\\Local\\Programs\\Microsoft VS Code\\resources\\app\\extensions\\git\\dist\\askpass-main.js",
    "_prog": "node"
  },
  "sharedObjects": [
    "C:\\Program Files\\nodejs\\node.exe",
    "C:\\Windows\\SYSTEM32\\ntdll.dll",
    "C:\\Windows\\system32\\kernel32.dll",
    "C:\\Windows\\system32\\KERNELBASE.dll",
    "C:\\Windows\\system32\\dbghelp.dll",
    "C:\\Windows\\system32\\msvcrt.dll",
    "C:\\Windows\\system32\\WS2_32.dll",
    "C:\\Windows\\system32\\RPCRT4.dll",
    "C:\\Windows\\system32\\NSI.dll",
    "C:\\Windows\\system32\\IPHLPAPI.DLL",
    "C:\\Windows\\system32\\WINNSI.DLL",
    "C:\\Windows\\system32\\PSAPI.DLL",
    "C:\\Windows\\system32\\USERENV.dll",
    "C:\\Windows\\system32\\profapi.dll",
    "C:\\Windows\\system32\\ADVAPI32.dll",
    "C:\\Windows\\SYSTEM32\\sechost.dll",
    "C:\\Windows\\system32\\USER32.dll",
    "C:\\Windows\\system32\\GDI32.dll",
    "C:\\Windows\\system32\\LPK.dll",
    "C:\\Windows\\system32\\USP10.dll",
    "C:\\Windows\\system32\\CRYPT32.dll",
    "C:\\Windows\\system32\\MSASN1.dll",
    "C:\\Windows\\system32\\bcrypt.dll",
    "C:\\Windows\\system32\\WINMM.dll",
    "C:\\Windows\\system32\\IMM32.DLL",
    "C:\\Windows\\system32\\MSCTF.dll",
    "C:\\Windows\\system32\\nvinitx.dll",
    "C:\\Windows\\system32\\api-ms-win-core-synch-l1-2-0.DLL",
    "C:\\Windows\\system32\\powrprof.dll",
    "C:\\Windows\\system32\\SETUPAPI.dll",
    "C:\\Windows\\system32\\CFGMGR32.dll",
    "C:\\Windows\\system32\\OLEAUT32.dll",
    "C:\\Windows\\system32\\ole32.dll",
    "C:\\Windows\\system32\\DEVOBJ.dll",
    "C:\\Windows\\system32\\uxtheme.dll",
    "C:\\Windows\\system32\\mswsock.dll",
    "C:\\Windows\\System32\\wshtcpip.dll",
    "C:\\Windows\\System32\\wship6.dll",
    "C:\\Windows\\system32\\bcryptprimitives.dll",
    "C:\\Windows\\system32\\dhcpcsvc.DLL",
    "C:\\Windows\\system32\\dhcpcsvc6.DLL",
    "C:\\Windows\\system32\\NLAapi.dll",
    "C:\\Windows\\system32\\napinsp.dll",
    "C:\\Windows\\system32\\pnrpnsp.dll",
    "C:\\Windows\\system32\\DNSAPI.dll",
    "C:\\Windows\\System32\\winrnr.dll",
    "C:\\Windows\\system32\\wshbth.dll",
    "C:\\Windows\\system32\\cryptbase.dll",
    "C:\\Windows\\system32\\rasadhlp.dll",
    "C:\\Windows\\System32\\fwpuclnt.dll",
    "C:\\Windows\\system32\\apphelp.dll"
  ]
}